{"cameraMode":{"drawMode":0,"name":"Shaded","section":"Shading Mode"},"sceneLighting":false,"audioPlay":false,"sceneViewState":{"showFog":true,"showMaterialUpdate":false,"showSkybox":true,"showFlares":true,"showImageEffects":true,"showParticleSystems":true},"in2DMode":false,"pivot":{"x":-3.2100000381469728,"y":0.763491153717041,"z":0.8928248882293701},"rotation":{"x":-0.30160143971443179,"y":-0.3046227693557739,"z":0.10241186618804932,"w":-0.897637665271759},"size":1.4835790395736695,"orthographic":false}