{"cameraMode":{"drawMode":0,"name":"Shaded","section":"Shading Mode"},"sceneLighting":true,"audioPlay":false,"sceneViewState":{"showFog":true,"showMaterialUpdate":false,"showSkybox":true,"showFlares":true,"showImageEffects":true,"showParticleSystems":true},"in2DMode":false,"pivot":{"x":-6.874395370483398,"y":1.600000023841858,"z":3.009999990463257},"rotation":{"x":-0.15359832346439362,"y":0.5492592453956604,"z":-0.1035330519080162,"w":-0.8148636817932129},"size":19.026809692382814,"orthographic":false}